,antecedents,consequents,antecedent support,consequent support,support,confidence,lift,leverage,conviction
0,frozenset({'baby'}),frozenset({'bed_bath_table'}),0.02966397960023,0.096826930986263,0.000174796413589,0.005892547660312,0.060856495194998,-0.002697475691941,0.908526605336343
1,frozenset({'bed_bath_table'}),frozenset({'baby'}),0.096826930986263,0.02966397960023,0.000174796413589,0.001805245832006,0.060856495194998,-0.002697475691941,0.972090883415386
